url,title,last_visit_time
https://vidbox.to/,Vidbox - Your Ultimate Streaming Guide,2025-07-23 07:52:26.775812
https://vidbox.to/,Vidbox - Your Ultimate Streaming Guide,2025-07-23 07:52:26.775812
https://vidbox.to/,Vidbox - Your Ultimate Streaming Guide,2025-07-23 07:52:26.775812
https://vidbox.to/,Vidbox - Your Ultimate Streaming Guide,2025-07-23 07:52:26.775812
https://vidbox.to/,Vidbox - Your Ultimate Streaming Guide,2025-07-23 07:52:26.775812
https://vidbox.to/,Vidbox - Your Ultimate Streaming Guide,2025-07-23 07:52:26.775812
https://vidbox.to/,Vidbox - Your Ultimate Streaming Guide,2025-07-23 07:52:26.775812
https://vidbox.to/,Vidbox - Your Ultimate Streaming Guide,2025-07-23 07:52:26.775812
https://vidbox.to/,Vidbox - Your Ultimate Streaming Guide,2025-07-23 07:52:26.775812
https://vidbox.to/,Vidbox - Your Ultimate Streaming Guide,2025-07-23 07:52:26.775812
https://vidbox.to/,Vidbox - Your Ultimate Streaming Guide,2025-07-23 07:52:26.775812
https://vidbox.to/,Vidbox - Your Ultimate Streaming Guide,2025-07-23 07:52:26.775812
https://vidbox.to/,Vidbox - Your Ultimate Streaming Guide,2025-07-23 07:52:26.775812
https://vidbox.to/,Vidbox - Your Ultimate Streaming Guide,2025-07-23 07:52:26.775812
https://vidbox.to/,Vidbox - Your Ultimate Streaming Guide,2025-07-23 07:52:26.775812
https://vidbox.to/,Vidbox - Your Ultimate Streaming Guide,2025-07-23 07:52:26.775812
https://vidbox.to/,Vidbox - Your Ultimate Streaming Guide,2025-07-23 07:52:26.775812
https://vidbox.to/,Vidbox - Your Ultimate Streaming Guide,2025-07-23 07:52:26.775812
https://vidbox.to/,Vidbox - Your Ultimate Streaming Guide,2025-07-23 07:52:26.775812
https://vidbox.to/,Vidbox - Your Ultimate Streaming Guide,2025-07-23 07:52:26.775812
https://vidbox.to/,Vidbox - Your Ultimate Streaming Guide,2025-07-23 07:52:26.775812
https://vidbox.to/,Vidbox - Your Ultimate Streaming Guide,2025-07-23 07:52:26.775812
https://vidbox.to/,Vidbox - Your Ultimate Streaming Guide,2025-07-23 07:52:26.775812
https://vidbox.to/,Vidbox - Your Ultimate Streaming Guide,2025-07-23 07:52:26.775812
https://vidbox.to/,Vidbox - Your Ultimate Streaming Guide,2025-07-23 07:52:26.775812
https://vidbox.to/,Vidbox - Your Ultimate Streaming Guide,2025-07-23 07:52:26.775812
https://vidbox.to/,Vidbox - Your Ultimate Streaming Guide,2025-07-23 07:52:26.775812
https://vidbox.to/,Vidbox - Your Ultimate Streaming Guide,2025-07-23 07:52:26.775812
https://vidbox.to/watch/tv/222766?season=1&episode=9,Watch The Day of the Jackal,2025-07-23 07:52:23.456892
https://vidbox.to/watch/tv/222766?season=1&episode=9,Watch The Day of the Jackal,2025-07-23 07:52:23.456892
https://vidbox.to/watch/tv/222766?season=1&episode=9,Watch The Day of the Jackal,2025-07-23 07:52:23.456892
https://vidbox.to/watch/tv/222766?season=1&episode=9,Watch The Day of the Jackal,2025-07-23 07:52:23.456892
https://vidbox.to/watch/tv/222766?season=1&episode=9,Watch The Day of the Jackal,2025-07-23 07:52:23.456892
https://vidbox.to/watch/tv/222766?season=&episode=9,Watch The Day of the Jackal,2025-07-23 07:52:22.018787
https://vidbox.to/watch/tv/222766?season=&episode=9,Watch The Day of the Jackal,2025-07-23 07:52:22.018787
https://vidbox.to/watch/tv/222766?season=&episode=9,Watch The Day of the Jackal,2025-07-23 07:52:22.018787
https://grok.com/chat/9c1428eb-5953-4523-8edc-b9b98ef20421,Ethical Browser History Scraping - Grok,2025-07-23 07:25:17.834272
https://grok.com/chat/9c1428eb-5953-4523-8edc-b9b98ef20421,Ethical Browser History Scraping - Grok,2025-07-23 07:25:17.834272
https://grok.com/chat/9c1428eb-5953-4523-8edc-b9b98ef20421,Ethical Browser History Scraping - Grok,2025-07-23 07:25:17.834272
https://grok.com/chat/9c1428eb-5953-4523-8edc-b9b98ef20421,Ethical Browser History Scraping - Grok,2025-07-23 07:25:17.834272
https://grok.com/chat/9c1428eb-5953-4523-8edc-b9b98ef20421,Ethical Browser History Scraping - Grok,2025-07-23 07:25:17.834272
https://grok.com/chat/9c1428eb-5953-4523-8edc-b9b98ef20421,Ethical Browser History Scraping - Grok,2025-07-23 07:25:17.834272
https://grok.com/chat/9c1428eb-5953-4523-8edc-b9b98ef20421,Ethical Browser History Scraping - Grok,2025-07-23 07:25:17.834272
https://grok.com/chat/9c1428eb-5953-4523-8edc-b9b98ef20421,Ethical Browser History Scraping - Grok,2025-07-23 07:25:17.834272
https://grok.com/chat/9c1428eb-5953-4523-8edc-b9b98ef20421,Ethical Browser History Scraping - Grok,2025-07-23 07:25:17.834272
https://grok.com/chat/9c1428eb-5953-4523-8edc-b9b98ef20421,Ethical Browser History Scraping - Grok,2025-07-23 07:25:17.834272
https://grok.com/chat/9c1428eb-5953-4523-8edc-b9b98ef20421,Ethical Browser History Scraping - Grok,2025-07-23 07:25:17.834272
https://grok.com/chat/9c1428eb-5953-4523-8edc-b9b98ef20421,Ethical Browser History Scraping - Grok,2025-07-23 07:25:17.834272
https://grok.com/chat/9c1428eb-5953-4523-8edc-b9b98ef20421,Ethical Browser History Scraping - Grok,2025-07-23 07:25:17.834272
https://grok.com/chat/9c1428eb-5953-4523-8edc-b9b98ef20421,Ethical Browser History Scraping - Grok,2025-07-23 07:25:17.834272
https://grok.com/chat/9c1428eb-5953-4523-8edc-b9b98ef20421,Ethical Browser History Scraping - Grok,2025-07-23 07:25:17.834272
https://grok.com/chat/9c1428eb-5953-4523-8edc-b9b98ef20421,Ethical Browser History Scraping - Grok,2025-07-23 07:25:17.834272
https://grok.com/chat/9c1428eb-5953-4523-8edc-b9b98ef20421,Ethical Browser History Scraping - Grok,2025-07-23 07:25:17.834272
https://grok.com/chat/9c1428eb-5953-4523-8edc-b9b98ef20421,Ethical Browser History Scraping - Grok,2025-07-23 07:25:17.834272
https://grok.com/chat/9c1428eb-5953-4523-8edc-b9b98ef20421,Ethical Browser History Scraping - Grok,2025-07-23 07:25:17.834272
https://www.youtube.com/watch?v=uK1hjVF5paA,(2) OMG: Trump MELTS DOWN as Obama DROPS EPSTEIN TRUTH - YouTube,2025-07-23 07:10:01.432868
https://www.tiktok.com/discover/base-shampoo-price-in-nepal,Base Shampoo Price in Nepal | TikTok,2025-07-23 06:47:26.835681
https://www.tiktok.com/discover/base-shampoo-price-in-nepal,Base Shampoo Price in Nepal | TikTok,2025-07-23 06:47:26.835681
https://www.tiktok.com/@based/video/7393549084428209438,Base Shampoo Price in Nepal | TikTok,2025-07-23 06:47:21.837498
https://www.google.com/url?sa=i&url=https%3A%2F%2Fwww.tiktok.com%2Fdiscover%2Fbase-shampoo-price-in-nepal&psig=AOvVaw233Wpk-tddSL9TzlV6acVO&ust=1753339018673000&source=images&cd=vfe&opi=89978449&ved=0CBgQjhxqFwoTCLjmxfyu0o4DFQAAAAAdAAAAABAL,Base Shampoo Price in Nepal | TikTok,2025-07-23 06:47:16.161702
https://www.google.com/search?sca_esv=1745aa374d6dd521&sxsrf=AE3TifNdgUTXRFOWiOqR6Bo6VUgRVgM4nQ:1753252600429&q=based+shampoo+nepal&udm=2&fbs=AIIjpHxU7SXXniUZfeShr2fp4giZ1Y6MJ25_tmWITc7uy4KIemkjk18Cn72Gp24fGkjjh6wQFVCbKXb4P6swJy4x5wjmX1QMyrc1m1XKN58kg7ZpCMlU_dqIFIZOO1eISQn60530DLDLuslxVEKBoQXtEtv_g1bFeJsU55Xt5gEx9gPJW9G6ew3KCjw9Eeinl-0A25nWPeSCke_pf4IAy4I2iFas7SjU5g&sa=X&ved=2ahUKEwiZ1szzrtKOAxWtS2wGHcdIITMQtKgLKAF6BAgREAE&biw=1920&bih=951&dpr=1#vhid=O6cysG_tUGA3mM&vssid=mosaic,based shampoo nepal - Google Search,2025-07-23 06:47:13.686190
https://www.google.com/search?sca_esv=1745aa374d6dd521&sxsrf=AE3TifNdgUTXRFOWiOqR6Bo6VUgRVgM4nQ:1753252600429&q=based+shampoo+nepal&udm=2&fbs=AIIjpHxU7SXXniUZfeShr2fp4giZ1Y6MJ25_tmWITc7uy4KIemkjk18Cn72Gp24fGkjjh6wQFVCbKXb4P6swJy4x5wjmX1QMyrc1m1XKN58kg7ZpCMlU_dqIFIZOO1eISQn60530DLDLuslxVEKBoQXtEtv_g1bFeJsU55Xt5gEx9gPJW9G6ew3KCjw9Eeinl-0A25nWPeSCke_pf4IAy4I2iFas7SjU5g&sa=X&ved=2ahUKEwiZ1szzrtKOAxWtS2wGHcdIITMQtKgLKAF6BAgREAE&biw=1920&bih=951&dpr=1#vhid=tqmL9SHWsMmtQM&vssid=mosaic,based shampoo nepal - Google Search,2025-07-23 06:36:59.138554
https://www.google.com/search?sca_esv=1745aa374d6dd521&sxsrf=AE3TifNdgUTXRFOWiOqR6Bo6VUgRVgM4nQ:1753252600429&q=based+shampoo+nepal&udm=2&fbs=AIIjpHxU7SXXniUZfeShr2fp4giZ1Y6MJ25_tmWITc7uy4KIemkjk18Cn72Gp24fGkjjh6wQFVCbKXb4P6swJy4x5wjmX1QMyrc1m1XKN58kg7ZpCMlU_dqIFIZOO1eISQn60530DLDLuslxVEKBoQXtEtv_g1bFeJsU55Xt5gEx9gPJW9G6ew3KCjw9Eeinl-0A25nWPeSCke_pf4IAy4I2iFas7SjU5g&sa=X&ved=2ahUKEwiZ1szzrtKOAxWtS2wGHcdIITMQtKgLKAF6BAgREAE&biw=1920&bih=951&dpr=1,based shampoo nepal - Google Search,2025-07-23 06:36:57.087049
https://www.google.com/search?q=based+shampoo+nepal&oq=based+shampoo+nepal&gs_lcrp=EgZjaHJvbWUyBggAEEUYOTIGCAEQLhhA0gEIMzY5NGowajGoAgCwAgA&sourceid=chrome&ie=UTF-8,based shampoo nepal - Google Search,2025-07-23 06:36:56.052880
https://www.google.com/search?q=based+shampoo+nepal&oq=based+shampoo+nepal&gs_lcrp=EgZjaHJvbWUyBggAEEUYOTIGCAEQLhhA0gEIMzY5NGowajGoAgCwAgA&sourceid=chrome&ie=UTF-8,based shampoo nepal - Google Search,2025-07-23 06:36:56.052880
https://www.daraz.com.np/hair-shampoo/,Hair Shampoo Price in Nepal - Buy Best Shampoo For Dry Hair Online - Daraz.com.np,2025-07-23 06:36:44.028577
https://vscode.dev/redirect?code=a65ebf294e79b613336d&state=http%3A%2F%2F127.0.0.1%3A56222%2Fcallback%3Fnonce%3Dl8IKrIw9IPyqk7OzDLtThQ%253D%253D,GitHub Authentication - Sign In,2025-07-23 06:35:38.669985
http://127.0.0.1:56222/callback?nonce=l8IKrIw9IPyqk7OzDLtThQ%3D%3D&code=a65ebf294e79b613336d&state=http%3A%2F%2F127.0.0.1%3A56222%2Fcallback%3Fnonce%3Dl8IKrIw9IPyqk7OzDLtThQ%253D%253D,GitHub Authentication - Sign In,2025-07-23 06:35:38.669985
http://127.0.0.1:56222/?redirect_uri=vscode%3A%2F%2Fvscode.github-authentication%2Fdid-authenticate%3Fnonce%3D1050fce2104fe669%26windowId%3D1&app_name=Visual%20Studio%20Code,GitHub Authentication - Sign In,2025-07-23 06:35:38.669985
https://github.com/login/oauth/authorize,GitHub Authentication - Sign In,2025-07-23 06:35:38.217810
https://github.com/login/oauth/authorize,GitHub Authentication - Sign In,2025-07-23 06:35:38.217810
https://github.com/login/oauth/authorize,GitHub Authentication - Sign In,2025-07-23 06:35:38.217810
https://github.com/login/oauth/authorize,GitHub Authentication - Sign In,2025-07-23 06:35:38.217810
https://github.com/login/oauth/authorize,GitHub Authentication - Sign In,2025-07-23 06:35:38.217810
https://github.com/login/oauth/authorize,GitHub Authentication - Sign In,2025-07-23 06:35:38.217810
https://github.com/login/oauth/authorize,GitHub Authentication - Sign In,2025-07-23 06:35:38.217810
https://github.com/login/oauth/authorize,GitHub Authentication - Sign In,2025-07-23 06:35:38.217810
https://github.com/login/oauth/authorize,GitHub Authentication - Sign In,2025-07-23 06:35:38.217810
https://github.com/login/oauth/authorize,GitHub Authentication - Sign In,2025-07-23 06:35:38.217810
https://github.com/login/oauth/authorize,GitHub Authentication - Sign In,2025-07-23 06:35:38.217810
https://github.com/login/oauth/authorize,GitHub Authentication - Sign In,2025-07-23 06:35:38.217810
https://github.com/login/oauth/authorize,GitHub Authentication - Sign In,2025-07-23 06:35:38.217810
https://github.com/login/oauth/authorize?client_id=01ab8ac9400c4e429b23&redirect_uri=https%3A%2F%2Fvscode.dev%2Fredirect&scope=read%3Auser+repo+user%3Aemail+workflow&skip_account_picker=true&state=http%3A%2F%2F127.0.0.1%3A56222%2Fcallback%3Fnonce%3Dl8IKrIw9IPyqk7OzDLtThQ%253D%253D,Authorize application,2025-07-23 06:35:20.643719
http://127.0.0.1:56222/signin?nonce=l8IKrIw9IPyqk7OzDLtThQ==,Verify Session,2025-07-23 06:35:18.564627
https://github.com/login/oauth/authorize?client_id=01ab8ac9400c4e429b23&redirect_uri=https%3A%2F%2Fvscode.dev%2Fredirect&scope=read%3Auser+repo+user%3Aemail+workflow&prompt=select_account&state=http%3A%2F%2F127.0.0.1%3A56222%2Fcallback%3Fnonce%3Dl8IKrIw9IPyqk7OzDLtThQ%253D%253D,Verify Session,2025-07-23 06:35:18.564627
https://github.com/login/oauth/select_account?client_id=01ab8ac9400c4e429b23&prompt=select_account&redirect_uri=https%3A%2F%2Fvscode.dev%2Fredirect&scope=read%3Auser+repo+user%3Aemail+workflow&state=http%3A%2F%2F127.0.0.1%3A56222%2Fcallback%3Fnonce%3Dl8IKrIw9IPyqk7OzDLtThQ%253D%253D,Verify Session,2025-07-23 06:35:18.564627
https://www.youtube.com/watch?v=Xpit476kKM4,(2) How I play the Tornado of Souls Solo (60% Speed) - YouTube,2025-07-23 06:22:40.473950
https://github.com/SydAt1/Political-Leaning-Indicator/blob/main/src/scrape/firefox_history.py,Political-Leaning-Indicator/src/scrape/firefox_history.py at main Â· SydAt1/Political-Leaning-Indicator,2025-07-23 06:16:42.328839
https://www.youtube.com/watch?v=AM3uOwkKDXM,Americans vs. GeoGuessr Dumb Test - YouTube,2025-07-23 06:13:19.638488
https://www.youtube.com/,(2) YouTube,2025-07-23 06:13:12.113534
https://www.youtube.com/,(2) YouTube,2025-07-23 06:13:12.113534
https://www.youtube.com/,(2) YouTube,2025-07-23 06:13:12.113534
https://www.youtube.com/,(2) YouTube,2025-07-23 06:13:12.113534
https://www.youtube.com/,(2) YouTube,2025-07-23 06:13:12.113534
https://www.youtube.com/,(2) YouTube,2025-07-23 06:13:12.113534
https://www.youtube.com/,(2) YouTube,2025-07-23 06:13:12.113534
https://www.youtube.com/,(2) YouTube,2025-07-23 06:13:12.113534
https://www.youtube.com/,(2) YouTube,2025-07-23 06:13:12.113534
https://www.youtube.com/,(2) YouTube,2025-07-23 06:13:12.113534
https://www.youtube.com/,(2) YouTube,2025-07-23 06:13:12.113534
https://www.youtube.com/,(2) YouTube,2025-07-23 06:13:12.113534
https://www.youtube.com/,(2) YouTube,2025-07-23 06:13:12.113534
https://www.youtube.com/,(2) YouTube,2025-07-23 06:13:12.113534
https://www.youtube.com/,(2) YouTube,2025-07-23 06:13:12.113534
https://www.youtube.com/,(2) YouTube,2025-07-23 06:13:12.113534
https://www.youtube.com/,(2) YouTube,2025-07-23 06:13:12.113534
https://www.youtube.com/,(2) YouTube,2025-07-23 06:13:12.113534
https://www.youtube.com/,(2) YouTube,2025-07-23 06:13:12.113534
https://www.youtube.com/,(2) YouTube,2025-07-23 06:13:12.113534
https://www.youtube.com/,(2) YouTube,2025-07-23 06:13:12.113534
https://www.youtube.com/,(2) YouTube,2025-07-23 06:13:12.113534
https://www.youtube.com/,(2) YouTube,2025-07-23 06:13:12.113534
https://www.youtube.com/,(2) YouTube,2025-07-23 06:13:12.113534
https://www.youtube.com/,(2) YouTube,2025-07-23 06:13:12.113534
https://www.youtube.com/,(2) YouTube,2025-07-23 06:13:12.113534
https://www.youtube.com/,(2) YouTube,2025-07-23 06:13:12.113534
https://www.youtube.com/,(2) YouTube,2025-07-23 06:13:12.113534
https://www.youtube.com/,(2) YouTube,2025-07-23 06:13:12.113534
https://www.youtube.com/,(2) YouTube,2025-07-23 06:13:12.113534
https://www.youtube.com/,(2) YouTube,2025-07-23 06:13:12.113534
https://www.youtube.com/,(2) YouTube,2025-07-23 06:13:12.113534
https://www.youtube.com/,(2) YouTube,2025-07-23 06:13:12.113534
https://www.youtube.com/,(2) YouTube,2025-07-23 06:13:12.113534
https://www.youtube.com/,(2) YouTube,2025-07-23 06:13:12.113534
https://www.youtube.com/,(2) YouTube,2025-07-23 06:13:12.113534
https://www.youtube.com/,(2) YouTube,2025-07-23 06:13:12.113534
https://www.youtube.com/,(2) YouTube,2025-07-23 06:13:12.113534
https://www.youtube.com/,(2) YouTube,2025-07-23 06:13:12.113534
https://www.youtube.com/,(2) YouTube,2025-07-23 06:13:12.113534
https://www.youtube.com/,(2) YouTube,2025-07-23 06:13:12.113534
https://www.youtube.com/,(2) YouTube,2025-07-23 06:13:12.113534
https://www.youtube.com/,(2) YouTube,2025-07-23 06:13:12.113534
https://www.youtube.com/,(2) YouTube,2025-07-23 06:13:12.113534
https://www.youtube.com/,(2) YouTube,2025-07-23 06:13:12.113534
https://www.youtube.com/,(2) YouTube,2025-07-23 06:13:12.113534
https://www.youtube.com/,(2) YouTube,2025-07-23 06:13:12.113534
https://www.youtube.com/,(2) YouTube,2025-07-23 06:13:12.113534
https://www.youtube.com/,(2) YouTube,2025-07-23 06:13:12.113534
https://www.youtube.com/,(2) YouTube,2025-07-23 06:13:12.113534
https://www.youtube.com/,(2) YouTube,2025-07-23 06:13:12.113534
https://www.youtube.com/,(2) YouTube,2025-07-23 06:13:12.113534
https://www.youtube.com/,(2) YouTube,2025-07-23 06:13:12.113534
https://www.youtube.com/,(2) YouTube,2025-07-23 06:13:12.113534
https://www.youtube.com/,(2) YouTube,2025-07-23 06:13:12.113534
https://www.youtube.com/,(2) YouTube,2025-07-23 06:13:12.113534
https://www.youtube.com/,(2) YouTube,2025-07-23 06:13:12.113534
https://www.youtube.com/,(2) YouTube,2025-07-23 06:13:12.113534
https://www.youtube.com/,(2) YouTube,2025-07-23 06:13:12.113534
https://www.youtube.com/,(2) YouTube,2025-07-23 06:13:12.113534
https://www.youtube.com/,(2) YouTube,2025-07-23 06:13:12.113534
https://www.youtube.com/,(2) YouTube,2025-07-23 06:13:12.113534
https://www.youtube.com/,(2) YouTube,2025-07-23 06:13:12.113534
https://www.youtube.com/,(2) YouTube,2025-07-23 06:13:12.113534
https://www.youtube.com/,(2) YouTube,2025-07-23 06:13:12.113534
https://www.youtube.com/,(2) YouTube,2025-07-23 06:13:12.113534
https://www.youtube.com/,(2) YouTube,2025-07-23 06:13:12.113534
https://www.youtube.com/,(2) YouTube,2025-07-23 06:13:12.113534
https://www.youtube.com/,(2) YouTube,2025-07-23 06:13:12.113534
https://www.youtube.com/,(2) YouTube,2025-07-23 06:13:12.113534
https://www.youtube.com/,(2) YouTube,2025-07-23 06:13:12.113534
https://www.youtube.com/,(2) YouTube,2025-07-23 06:13:12.113534
https://www.youtube.com/,(2) YouTube,2025-07-23 06:13:12.113534
https://www.youtube.com/,(2) YouTube,2025-07-23 06:13:12.113534
https://www.youtube.com/,(2) YouTube,2025-07-23 06:13:12.113534
https://www.youtube.com/,(2) YouTube,2025-07-23 06:13:12.113534
https://www.youtube.com/,(2) YouTube,2025-07-23 06:13:12.113534
https://www.youtube.com/,(2) YouTube,2025-07-23 06:13:12.113534
https://www.youtube.com/,(2) YouTube,2025-07-23 06:13:12.113534
https://www.youtube.com/,(2) YouTube,2025-07-23 06:13:12.113534
https://www.youtube.com/,(2) YouTube,2025-07-23 06:13:12.113534
https://www.youtube.com/,(2) YouTube,2025-07-23 06:13:12.113534
https://www.youtube.com/,(2) YouTube,2025-07-23 06:13:12.113534
https://www.youtube.com/,(2) YouTube,2025-07-23 06:13:12.113534
https://www.youtube.com/,(2) YouTube,2025-07-23 06:13:12.113534
https://www.youtube.com/,(2) YouTube,2025-07-23 06:13:12.113534
https://www.youtube.com/,(2) YouTube,2025-07-23 06:13:12.113534
https://www.youtube.com/,(2) YouTube,2025-07-23 06:13:12.113534
https://www.youtube.com/,(2) YouTube,2025-07-23 06:13:12.113534
https://www.youtube.com/,(2) YouTube,2025-07-23 06:13:12.113534
https://www.youtube.com/,(2) YouTube,2025-07-23 06:13:12.113534
https://www.youtube.com/,(2) YouTube,2025-07-23 06:13:12.113534
https://www.youtube.com/,(2) YouTube,2025-07-23 06:13:12.113534
https://www.youtube.com/,(2) YouTube,2025-07-23 06:13:12.113534
https://www.youtube.com/,(2) YouTube,2025-07-23 06:13:12.113534
https://www.youtube.com/,(2) YouTube,2025-07-23 06:13:12.113534
https://www.youtube.com/,(2) YouTube,2025-07-23 06:13:12.113534
https://www.youtube.com/,(2) YouTube,2025-07-23 06:13:12.113534
https://www.youtube.com/,(2) YouTube,2025-07-23 06:13:12.113534
https://www.youtube.com/,(2) YouTube,2025-07-23 06:13:12.113534
https://www.youtube.com/,(2) YouTube,2025-07-23 06:13:12.113534
https://www.youtube.com/,(2) YouTube,2025-07-23 06:13:12.113534
https://www.youtube.com/,(2) YouTube,2025-07-23 06:13:12.113534
https://www.youtube.com/,(2) YouTube,2025-07-23 06:13:12.113534
https://www.youtube.com/,(2) YouTube,2025-07-23 06:13:12.113534
https://www.youtube.com/,(2) YouTube,2025-07-23 06:13:12.113534
https://www.youtube.com/,(2) YouTube,2025-07-23 06:13:12.113534
https://www.youtube.com/,(2) YouTube,2025-07-23 06:13:12.113534
https://www.youtube.com/,(2) YouTube,2025-07-23 06:13:12.113534
https://www.youtube.com/,(2) YouTube,2025-07-23 06:13:12.113534
https://www.youtube.com/,(2) YouTube,2025-07-23 06:13:12.113534
https://www.youtube.com/,(2) YouTube,2025-07-23 06:13:12.113534
https://www.youtube.com/,(2) YouTube,2025-07-23 06:13:12.113534
https://www.youtube.com/,(2) YouTube,2025-07-23 06:13:12.113534
https://www.youtube.com/,(2) YouTube,2025-07-23 06:13:12.113534
https://www.youtube.com/,(2) YouTube,2025-07-23 06:13:12.113534
https://www.youtube.com/,(2) YouTube,2025-07-23 06:13:12.113534
https://www.youtube.com/,(2) YouTube,2025-07-23 06:13:12.113534
https://www.youtube.com/,(2) YouTube,2025-07-23 06:13:12.113534
https://www.youtube.com/,(2) YouTube,2025-07-23 06:13:12.113534
https://www.youtube.com/,(2) YouTube,2025-07-23 06:13:12.113534
https://www.youtube.com/,(2) YouTube,2025-07-23 06:13:12.113534
https://www.youtube.com/,(2) YouTube,2025-07-23 06:13:12.113534
https://www.youtube.com/,(2) YouTube,2025-07-23 06:13:12.113534
https://www.youtube.com/,(2) YouTube,2025-07-23 06:13:12.113534
https://www.youtube.com/,(2) YouTube,2025-07-23 06:13:12.113534
https://www.youtube.com/,(2) YouTube,2025-07-23 06:13:12.113534
https://www.youtube.com/,(2) YouTube,2025-07-23 06:13:12.113534
https://www.youtube.com/,(2) YouTube,2025-07-23 06:13:12.113534
https://www.youtube.com/,(2) YouTube,2025-07-23 06:13:12.113534
https://www.youtube.com/,(2) YouTube,2025-07-23 06:13:12.113534
https://www.youtube.com/,(2) YouTube,2025-07-23 06:13:12.113534
https://www.youtube.com/,(2) YouTube,2025-07-23 06:13:12.113534
https://www.youtube.com/,(2) YouTube,2025-07-23 06:13:12.113534
https://www.youtube.com/,(2) YouTube,2025-07-23 06:13:12.113534
https://www.youtube.com/,(2) YouTube,2025-07-23 06:13:12.113534
https://www.youtube.com/,(2) YouTube,2025-07-23 06:13:12.113534
https://www.youtube.com/,(2) YouTube,2025-07-23 06:13:12.113534
https://www.youtube.com/,(2) YouTube,2025-07-23 06:13:12.113534
https://www.youtube.com/,(2) YouTube,2025-07-23 06:13:12.113534
https://www.youtube.com/,(2) YouTube,2025-07-23 06:13:12.113534
https://www.youtube.com/,(2) YouTube,2025-07-23 06:13:12.113534
https://www.youtube.com/,(2) YouTube,2025-07-23 06:13:12.113534
https://www.youtube.com/,(2) YouTube,2025-07-23 06:13:12.113534
https://www.youtube.com/,(2) YouTube,2025-07-23 06:13:12.113534
https://www.youtube.com/,(2) YouTube,2025-07-23 06:13:12.113534
https://www.youtube.com/,(2) YouTube,2025-07-23 06:13:12.113534
https://www.youtube.com/,(2) YouTube,2025-07-23 06:13:12.113534
https://www.youtube.com/,(2) YouTube,2025-07-23 06:13:12.113534
https://www.youtube.com/,(2) YouTube,2025-07-23 06:13:12.113534
https://www.youtube.com/,(2) YouTube,2025-07-23 06:13:12.113534
https://www.youtube.com/,(2) YouTube,2025-07-23 06:13:12.113534
https://www.youtube.com/,(2) YouTube,2025-07-23 06:13:12.113534
https://www.youtube.com/,(2) YouTube,2025-07-23 06:13:12.113534
https://www.youtube.com/,(2) YouTube,2025-07-23 06:13:12.113534
https://www.youtube.com/,(2) YouTube,2025-07-23 06:13:12.113534
https://www.youtube.com/,(2) YouTube,2025-07-23 06:13:12.113534
https://www.youtube.com/,(2) YouTube,2025-07-23 06:13:12.113534
https://www.youtube.com/,(2) YouTube,2025-07-23 06:13:12.113534
https://www.youtube.com/,(2) YouTube,2025-07-23 06:13:12.113534
https://www.youtube.com/,(2) YouTube,2025-07-23 06:13:12.113534
https://www.youtube.com/,(2) YouTube,2025-07-23 06:13:12.113534
https://www.youtube.com/,(2) YouTube,2025-07-23 06:13:12.113534
https://www.youtube.com/,(2) YouTube,2025-07-23 06:13:12.113534
https://www.youtube.com/,(2) YouTube,2025-07-23 06:13:12.113534
https://www.youtube.com/,(2) YouTube,2025-07-23 06:13:12.113534
https://www.youtube.com/,(2) YouTube,2025-07-23 06:13:12.113534
https://www.youtube.com/,(2) YouTube,2025-07-23 06:13:12.113534
https://www.youtube.com/,(2) YouTube,2025-07-23 06:13:12.113534
https://www.youtube.com/,(2) YouTube,2025-07-23 06:13:12.113534
https://www.youtube.com/,(2) YouTube,2025-07-23 06:13:12.113534
https://www.youtube.com/,(2) YouTube,2025-07-23 06:13:12.113534
https://www.youtube.com/,(2) YouTube,2025-07-23 06:13:12.113534
https://www.youtube.com/,(2) YouTube,2025-07-23 06:13:12.113534
https://www.youtube.com/,(2) YouTube,2025-07-23 06:13:12.113534
https://www.youtube.com/,(2) YouTube,2025-07-23 06:13:12.113534
https://www.youtube.com/,(2) YouTube,2025-07-23 06:13:12.113534
https://www.youtube.com/,(2) YouTube,2025-07-23 06:13:12.113534
https://www.youtube.com/,(2) YouTube,2025-07-23 06:13:12.113534
https://www.youtube.com/,(2) YouTube,2025-07-23 06:13:12.113534
https://www.youtube.com/,(2) YouTube,2025-07-23 06:13:12.113534
https://www.youtube.com/,(2) YouTube,2025-07-23 06:13:12.113534
https://www.youtube.com/,(2) YouTube,2025-07-23 06:13:12.113534
https://www.youtube.com/,(2) YouTube,2025-07-23 06:13:12.113534
https://www.youtube.com/,(2) YouTube,2025-07-23 06:13:12.113534
https://www.youtube.com/,(2) YouTube,2025-07-23 06:13:12.113534
https://www.youtube.com/,(2) YouTube,2025-07-23 06:13:12.113534
https://www.youtube.com/,(2) YouTube,2025-07-23 06:13:12.113534
https://www.youtube.com/,(2) YouTube,2025-07-23 06:13:12.113534
https://www.youtube.com/,(2) YouTube,2025-07-23 06:13:12.113534
https://www.youtube.com/,(2) YouTube,2025-07-23 06:13:12.113534
https://www.youtube.com/,(2) YouTube,2025-07-23 06:13:12.113534
https://www.youtube.com/,(2) YouTube,2025-07-23 06:13:12.113534
https://www.youtube.com/,(2) YouTube,2025-07-23 06:13:12.113534
https://www.youtube.com/,(2) YouTube,2025-07-23 06:13:12.113534
https://www.youtube.com/,(2) YouTube,2025-07-23 06:13:12.113534
https://www.youtube.com/,(2) YouTube,2025-07-23 06:13:12.113534
https://www.youtube.com/,(2) YouTube,2025-07-23 06:13:12.113534
https://www.youtube.com/,(2) YouTube,2025-07-23 06:13:12.113534
https://www.youtube.com/,(2) YouTube,2025-07-23 06:13:12.113534
https://www.youtube.com/,(2) YouTube,2025-07-23 06:13:12.113534
https://www.youtube.com/,(2) YouTube,2025-07-23 06:13:12.113534
https://www.youtube.com/,(2) YouTube,2025-07-23 06:13:12.113534
https://www.youtube.com/,(2) YouTube,2025-07-23 06:13:12.113534
https://www.youtube.com/,(2) YouTube,2025-07-23 06:13:12.113534
https://www.youtube.com/,(2) YouTube,2025-07-23 06:13:12.113534
https://www.youtube.com/,(2) YouTube,2025-07-23 06:13:12.113534
https://www.youtube.com/,(2) YouTube,2025-07-23 06:13:12.113534
https://www.youtube.com/,(2) YouTube,2025-07-23 06:13:12.113534
https://www.youtube.com/,(2) YouTube,2025-07-23 06:13:12.113534
https://www.youtube.com/,(2) YouTube,2025-07-23 06:13:12.113534
